Workbook

Sheet Resumen
A1: LUTSA Transportes · Informe de avance
A2: Rediseño web (landing + API) · Corte: 19/10/2026
A4: AVANCE GENERAL DEL PROYECTO | B4: ='Product Backlog'!G53 | D4: =REPT("█",ROUND(MAX(0,MIN(1,B4))*20,0))&REPT("░",20-ROUND(MAX(0,MIN(1,B4))*20,0))
A6: Área (épica) | B6: Avance % | C6: Actividades | D6: Progreso | E6: Completadas | F6: En progreso | G6: Pendientes | H6: Falta %
A7: 1. Base del proyecto | B7: =SUMPRODUCT(('Product Backlog'!$B$5:$B$51=A7)*'Product Backlog'!$F$5:$F$51*'Product Backlog'!$G$5:$G$51)/SUMIF('Product Backlog'!$B$5:$B$51,A7,'Product Backlog'!$F$5:$F$51) | C7: =COUNTIF('Product Backlog'!$B$5:$B$51,A7) | D7: =REPT("█",ROUND(MAX(0,MIN(1,B7))*20,0))&REPT("░",20-ROUND(MAX(0,MIN(1,B7))*20,0)) | E7: =COUNTIFS('Product Backlog'!$B$5:$B$51,A7,'Product Backlog'!$G$5:$G$51,">=1") | F7: =COUNTIFS('Product Backlog'!$B$5:$B$51,A7,'Product Backlog'!$G$5:$G$51,">0",'Product Backlog'!$G$5:$G$51,"<1") | G7: =COUNTIFS('Product Backlog'!$B$5:$B$51,A7,'Product Backlog'!$G$5:$G$51,"<=0") | H7: =1-B7
A8: 2. Páginas y secciones | B8: =SUMPRODUCT(('Product Backlog'!$B$5:$B$51=A8)*'Product Backlog'!$F$5:$F$51*'Product Backlog'!$G$5:$G$51)/SUMIF('Product Backlog'!$B$5:$B$51,A8,'Product Backlog'!$F$5:$F$51) | C8: =COUNTIF('Product Backlog'!$B$5:$B$51,A8) | D8: =REPT("█",ROUND(MAX(0,MIN(1,B8))*20,0))&REPT("░",20-ROUND(MAX(0,MIN(1,B8))*20,0)) | E8: =COUNTIFS('Product Backlog'!$B$5:$B$51,A8,'Product Backlog'!$G$5:$G$51,">=1") | F8: =COUNTIFS('Product Backlog'!$B$5:$B$51,A8,'Product Backlog'!$G$5:$G$51,">0",'Product Backlog'!$G$5:$G$51,"<1") | G8: =COUNTIFS('Product Backlog'!$B$5:$B$51,A8,'Product Backlog'!$G$5:$G$51,"<=0") | H8: =1-B8
A9: 3. Idiomas (ES / EN) | B9: =SUMPRODUCT(('Product Backlog'!$B$5:$B$51=A9)*'Product Backlog'!$F$5:$F$51*'Product Backlog'!$G$5:$G$51)/SUMIF('Product Backlog'!$B$5:$B$51,A9,'Product Backlog'!$F$5:$F$51) | C9: =COUNTIF('Product Backlog'!$B$5:$B$51,A9) | D9: =REPT("█",ROUND(MAX(0,MIN(1,B9))*20,0))&REPT("░",20-ROUND(MAX(0,MIN(1,B9))*20,0)) | E9: =COUNTIFS('Product Backlog'!$B$5:$B$51,A9,'Product Backlog'!$G$5:$G$51,">=1") | F9: =COUNTIFS('Product Backlog'!$B$5:$B$51,A9,'Product Backlog'!$G$5:$G$51,">0",'Product Backlog'!$G$5:$G$51,"<1") | G9: =COUNTIFS('Product Backlog'!$B$5:$B$51,A9,'Product Backlog'!$G$5:$G$51,"<=0") | H9: =1-B9
A10: 4. Diseño e identidad | B10: =SUMPRODUCT(('Product Backlog'!$B$5:$B$51=A10)*'Product Backlog'!$F$5:$F$51*'Product Backlog'!$G$5:$G$51)/SUMIF('Product Backlog'!$B$5:$B$51,A10,'Product Backlog'!$F$5:$F$51) | C10: =COUNTIF('Product Backlog'!$B$5:$B$51,A10) | D10: =REPT("█",ROUND(MAX(0,MIN(1,B10))*20,0))&REPT("░",20-ROUND(MAX(0,MIN(1,B10))*20,0)) | E10: =COUNTIFS('Product Backlog'!$B$5:$B$51,A10,'Product Backlog'!$G$5:$G$51,">=1") | F10: =COUNTIFS('Product Backlog'!$B$5:$B$51,A10,'Product Backlog'!$G$5:$G$51,">0",'Product Backlog'!$G$5:$G$51,"<1") | G10: =COUNTIFS('Product Backlog'!$B$5:$B$51,A10,'Product Backlog'!$G$5:$G$51,"<=0") | H10: =1-B10
A11: 5. Botón de WhatsApp | B11: =SUMPRODUCT(('Product Backlog'!$B$5:$B$51=A11)*'Product Backlog'!$F$5:$F$51*'Product Backlog'!$G$5:$G$51)/SUMIF('Product Backlog'!$B$5:$B$51,A11,'Product Backlog'!$F$5:$F$51) | C11: =COUNTIF('Product Backlog'!$B$5:$B$51,A11) | D11: =REPT("█",ROUND(MAX(0,MIN(1,B11))*20,0))&REPT("░",20-ROUND(MAX(0,MIN(1,B11))*20,0)) | E11: =COUNTIFS('Product Backlog'!$B$5:$B$51,A11,'Product Backlog'!$G$5:$G$51,">=1") | F11: =COUNTIFS('Product Backlog'!$B$5:$B$51,A11,'Product Backlog'!$G$5:$G$51,">0",'Product Backlog'!$G$5:$G$51,"<1") | G11: =COUNTIFS('Product Backlog'!$B$5:$B$51,A11,'Product Backlog'!$G$5:$G$51,"<=0") | H11: =1-B11
A12: 6. Formulario / Cotizador | B12: =SUMPRODUCT(('Product Backlog'!$B$5:$B$51=A12)*'Product Backlog'!$F$5:$F$51*'Product Backlog'!$G$5:$G$51)/SUMIF('Product Backlog'!$B$5:$B$51,A12,'Product Backlog'!$F$5:$F$51) | C12: =COUNTIF('Product Backlog'!$B$5:$B$51,A12) | D12: =REPT("█",ROUND(MAX(0,MIN(1,B12))*20,0))&REPT("░",20-ROUND(MAX(0,MIN(1,B12))*20,0)) | E12: =COUNTIFS('Product Backlog'!$B$5:$B$51,A12,'Product Backlog'!$G$5:$G$51,">=1") | F12: =COUNTIFS('Product Backlog'!$B$5:$B$51,A12,'Product Backlog'!$G$5:$G$51,">0",'Product Backlog'!$G$5:$G$51,"<1") | G12: =COUNTIFS('Product Backlog'!$B$5:$B$51,A12,'Product Backlog'!$G$5:$G$51,"<=0") | H12: =1-B12
A13: 7. Rendimiento y adaptabilidad | B13: =SUMPRODUCT(('Product Backlog'!$B$5:$B$51=A13)*'Product Backlog'!$F$5:$F$51*'Product Backlog'!$G$5:$G$51)/SUMIF('Product Backlog'!$B$5:$B$51,A13,'Product Backlog'!$F$5:$F$51) | C13: =COUNTIF('Product Backlog'!$B$5:$B$51,A13) | D13: =REPT("█",ROUND(MAX(0,MIN(1,B13))*20,0))&REPT("░",20-ROUND(MAX(0,MIN(1,B13))*20,0)) | E13: =COUNTIFS('Product Backlog'!$B$5:$B$51,A13,'Product Backlog'!$G$5:$G$51,">=1") | F13: =COUNTIFS('Product Backlog'!$B$5:$B$51,A13,'Product Backlog'!$G$5:$G$51,">0",'Product Backlog'!$G$5:$G$51,"<1") | G13: =COUNTIFS('Product Backlog'!$B$5:$B$51,A13,'Product Backlog'!$G$5:$G$51,"<=0") | H13: =1-B13
A14: 8. SEO y buenas prácticas | B14: =SUMPRODUCT(('Product Backlog'!$B$5:$B$51=A14)*'Product Backlog'!$F$5:$F$51*'Product Backlog'!$G$5:$G$51)/SUMIF('Product Backlog'!$B$5:$B$51,A14,'Product Backlog'!$F$5:$F$51) | C14: =COUNTIF('Product Backlog'!$B$5:$B$51,A14) | D14: =REPT("█",ROUND(MAX(0,MIN(1,B14))*20,0))&REPT("░",20-ROUND(MAX(0,MIN(1,B14))*20,0)) | E14: =COUNTIFS('Product Backlog'!$B$5:$B$51,A14,'Product Backlog'!$G$5:$G$51,">=1") | F14: =COUNTIFS('Product Backlog'!$B$5:$B$51,A14,'Product Backlog'!$G$5:$G$51,">0",'Product Backlog'!$G$5:$G$51,"<1") | G14: =COUNTIFS('Product Backlog'!$B$5:$B$51,A14,'Product Backlog'!$G$5:$G$51,"<=0") | H14: =1-B14
A15: 9. Backend API (LUTSA-CORE) | B15: =SUMPRODUCT(('Product Backlog'!$B$5:$B$51=A15)*'Product Backlog'!$F$5:$F$51*'Product Backlog'!$G$5:$G$51)/SUMIF('Product Backlog'!$B$5:$B$51,A15,'Product Backlog'!$F$5:$F$51) | C15: =COUNTIF('Product Backlog'!$B$5:$B$51,A15) | D15: =REPT("█",ROUND(MAX(0,MIN(1,B15))*20,0))&REPT("░",20-ROUND(MAX(0,MIN(1,B15))*20,0)) | E15: =COUNTIFS('Product Backlog'!$B$5:$B$51,A15,'Product Backlog'!$G$5:$G$51,">=1") | F15: =COUNTIFS('Product Backlog'!$B$5:$B$51,A15,'Product Backlog'!$G$5:$G$51,">0",'Product Backlog'!$G$5:$G$51,"<1") | G15: =COUNTIFS('Product Backlog'!$B$5:$B$51,A15,'Product Backlog'!$G$5:$G$51,"<=0") | H15: =1-B15
A16: 10. Entregables | B16: =SUMPRODUCT(('Product Backlog'!$B$5:$B$51=A16)*'Product Backlog'!$F$5:$F$51*'Product Backlog'!$G$5:$G$51)/SUMIF('Product Backlog'!$B$5:$B$51,A16,'Product Backlog'!$F$5:$F$51) | C16: =COUNTIF('Product Backlog'!$B$5:$B$51,A16) | D16: =REPT("█",ROUND(MAX(0,MIN(1,B16))*20,0))&REPT("░",20-ROUND(MAX(0,MIN(1,B16))*20,0)) | E16: =COUNTIFS('Product Backlog'!$B$5:$B$51,A16,'Product Backlog'!$G$5:$G$51,">=1") | F16: =COUNTIFS('Product Backlog'!$B$5:$B$51,A16,'Product Backlog'!$G$5:$G$51,">0",'Product Backlog'!$G$5:$G$51,"<1") | G16: =COUNTIFS('Product Backlog'!$B$5:$B$51,A16,'Product Backlog'!$G$5:$G$51,"<=0") | H16: =1-B16
A43: PRÓXIMOS PASOS (prioridad)
A44: 1. Botón flotante de WhatsApp personalizado y bilingüe (requiere número oficial).
A45: 2. Sección de Galería (requiere fotos de LUTSA y su diseño).
A46: 3. Probar URLs por idioma y SEO en el hosting real + Google Search Console.
A47: 4. Medir con Lighthouse y animar el camión de forma continua con el scroll.
A48: 5. Nosotros: historia, visión y valores · Submarcas: espacio por marca con logos.
A49: 6. Correo SMTP y claves reCAPTCHA reales; publicar en lutsa.mx y subir el código al repo del cliente.
A52: Escala de color de las barras:
A53: ████ 0–39 % · falta mucho
A54: ████ 40–64 % · en camino
A55: ████ 65–84 % · avanzado
A56: ████ 85–100 % · casi listo / listo

Sheet Product Backlog
A1: LUTSA Transportes · Product Backlog del rediseño web
A2: Basado en «Requisitos para Rediseño Web» y en la revisión del código (landing + API LUTSA-CORE) · Corte: 19/10/2026 · Edita la columna «Avance %»: las barras y el resumen se actualizan solos
A4: ID | B4: Área (épica) | C4: Actividad / requisito | D4: Requisito del PDF | E4: Responsable | F4: Peso | G4: Avance % | H4: Progreso | I4: Estado | J4: Qué falta / notas
A5: R01 | B5: 1. Base del proyecto | C5: Desarrollo en código custom (sin WordPress) | D5: Tipo de proyecto | E5: Proveedor | F5: 1 | G5: 1 | H5: =REPT("█",ROUND(MAX(0,MIN(1,G5))*20,0))&REPT("░",20-ROUND(MAX(0,MIN(1,G5))*20,0)) | I5: =IF(G5>=1,"Completado",IF(G5<=0,"Pendiente",IF(G5>=0.85,"Casi listo","En progreso"))) | J5: Hecho: React + TypeScript + Vite + Tailwind.
A6: R02 | B6: 1. Base del proyecto | C6: Código limpio, componentes y assets reutilizables | D6: Tipo de proyecto / Rendimiento | E6: Proveedor | F6: 1 | G6: 0.85 | H6: =REPT("█",ROUND(MAX(0,MIN(1,G6))*20,0))&REPT("░",20-ROUND(MAX(0,MIN(1,G6))*20,0)) | I6: =IF(G6>=1,"Completado",IF(G6<=0,"Pendiente",IF(G6>=0.85,"Casi listo","En progreso"))) | J6: Falta limpiar archivos sin uso (imágenes duplicadas «copy», secciones de marcador).
A7: R03 | B7: 1. Base del proyecto | C7: Base preparada para integraciones y crecimiento | D7: Tipo de proyecto | E7: Proveedor | F7: 1 | G7: 0.9 | H7: =REPT("█",ROUND(MAX(0,MIN(1,G7))*20,0))&REPT("░",20-ROUND(MAX(0,MIN(1,G7))*20,0)) | I7: =IF(G7>=1,"Completado",IF(G7<=0,"Pendiente",IF(G7>=0.85,"Casi listo","En progreso"))) | J7: API propia (LUTSA-CORE) lista para CRM; falta definir el CRM destino.
A8: R04 | B8: 2. Páginas y secciones | C8: Inicio / Home: presentación + propuesta de valor | D8: Estructura de páginas #1 | E8: Proveedor | F8: 1 | G8: 0.95 | H8: =REPT("█",ROUND(MAX(0,MIN(1,G8))*20,0))&REPT("░",20-ROUND(MAX(0,MIN(1,G8))*20,0)) | I8: =IF(G8>=1,"Completado",IF(G8<=0,"Pendiente",IF(G8>=0.85,"Casi listo","En progreso"))) | J8: Falta revisión final de textos con LUTSA.
A9: R05 | B9: 2. Páginas y secciones | C9: Nosotros / About Us: historia, visión y valores | D9: Estructura de páginas #2 | E9: Proveedor + LUTSA | F9: 1 | G9: 0.6 | H9: =REPT("█",ROUND(MAX(0,MIN(1,G9))*20,0))&REPT("░",20-ROUND(MAX(0,MIN(1,G9))*20,0)) | I9: =IF(G9>=1,"Completado",IF(G9<=0,"Pendiente",IF(G9>=0.85,"Casi listo","En progreso"))) | J9: Hecho: presentación, equipo y contacto por áreas. Falta: historia, visión y valores (contenido de LUTSA).
A10: R06 | B10: 2. Páginas y secciones | C10: Servicios / Services: detalle de cada servicio | D10: Estructura de páginas #3 | E10: Proveedor | F10: 1 | G10: 0.9 | H10: =REPT("█",ROUND(MAX(0,MIN(1,G10))*20,0))&REPT("░",20-ROUND(MAX(0,MIN(1,G10))*20,0)) | I10: =IF(G10>=1,"Completado",IF(G10<=0,"Pendiente",IF(G10>=0.85,"Casi listo","En progreso"))) | J10: Falta validar textos y lista de servicios con LUTSA.
A11: R07 | B11: 2. Páginas y secciones | C11: Industrias / Industries | D11: Estructura de páginas #4 | E11: Proveedor | F11: 1 | G11: 0.95 | H11: =REPT("█",ROUND(MAX(0,MIN(1,G11))*20,0))&REPT("░",20-ROUND(MAX(0,MIN(1,G11))*20,0)) | I11: =IF(G11>=1,"Completado",IF(G11<=0,"Pendiente",IF(G11>=0.85,"Casi listo","En progreso"))) | J11: Falta validar cifras (+8.5 %, +70 %, +80 %) con su fuente.
A12: R08 | B12: 2. Páginas y secciones | C12: Submarcas / Brands: espacio dedicado por submarca | D12: Estructura de páginas #5 | E12: Proveedor + LUTSA | F12: 1 | G12: 0.65 | H12: =REPT("█",ROUND(MAX(0,MIN(1,G12))*20,0))&REPT("░",20-ROUND(MAX(0,MIN(1,G12))*20,0)) | I12: =IF(G12>=1,"Completado",IF(G12<=0,"Pendiente",IF(G12>=0.85,"Casi listo","En progreso"))) | J12: Hecho: diagrama del ecosistema animado. Falta: logos de submarcas y espacio/ficha dedicada a cada una.
A13: R09 | B13: 2. Páginas y secciones | C13: Galería (sustituye a Responsabilidad Social / ESR) | D13: Estructura de páginas #6 (cambio acordado) | E13: Proveedor + LUTSA | F13: 1 | G13: 0.1 | H13: =REPT("█",ROUND(MAX(0,MIN(1,G13))*20,0))&REPT("░",20-ROUND(MAX(0,MIN(1,G13))*20,0)) | I13: =IF(G13>=1,"Completado",IF(G13<=0,"Pendiente",IF(G13>=0.85,"Casi listo","En progreso"))) | J13: Solo existe el marcador y su parada en la barra de km. Falta diseño y fotos (requiere material de LUTSA). Ahora es la última sección (70 km); la Cotización pasó al 50 km.
A14: R10 | B14: 2. Páginas y secciones | C14: Certificaciones (sección visual tipo GOMSA) | D14: Estructura de páginas #7 | E14: Proveedor + LUTSA | F14: 1 | G14: 0.95 | H14: =REPT("█",ROUND(MAX(0,MIN(1,G14))*20,0))&REPT("░",20-ROUND(MAX(0,MIN(1,G14))*20,0)) | I14: =IF(G14>=1,"Completado",IF(G14<=0,"Pendiente",IF(G14>=0.85,"Casi listo","En progreso"))) | J14: Hecho: ISO 9001, ESR y Hecho en México con tarjetas que giran, igual al diseño y adaptado a móvil/tablet (ES/EN). Falta: validar textos oficiales con LUTSA.
A15: R11 | B15: 2. Páginas y secciones | C15: Cotización / Contact & Quote | D15: Estructura de páginas #8 | E15: Proveedor | F15: 1 | G15: 0.9 | H15: =REPT("█",ROUND(MAX(0,MIN(1,G15))*20,0))&REPT("░",20-ROUND(MAX(0,MIN(1,G15))*20,0)) | I15: =IF(G15>=1,"Completado",IF(G15<=0,"Pendiente",IF(G15>=0.85,"Casi listo","En progreso"))) | J15: Falta envío real de correo (SMTP) y claves reales de reCAPTCHA.
A16: R12 | B16: 3. Idiomas (ES / EN) | C16: Selector de idioma visible en la navegación | D16: Idiomas | E16: Proveedor | F16: 1 | G16: 1 | H16: =REPT("█",ROUND(MAX(0,MIN(1,G16))*20,0))&REPT("░",20-ROUND(MAX(0,MIN(1,G16))*20,0)) | I16: =IF(G16>=1,"Completado",IF(G16<=0,"Pendiente",IF(G16>=0.85,"Casi listo","En progreso"))) | J16: Hecho: botón de idioma en el header (también en el menú móvil). El idioma también se toma de la URL (/es, /en).
... A51: R47 | B51: 10. Entregables | C51: Código fuente organizado y documentado | D51: Lo que el proveedor debe entregar | E51: Proveedor | F51: 1 | G51: 0.85 | H51: =REPT("█",ROUND(MAX(0,MIN(1,G51))*20,0))&REPT("░",20-ROUND(MAX(0,MIN(1,G51))*20,0)) | I51: =IF(G51>=1,"Completado",IF(G51<=0,"Pendiente",IF(G51>=0.85,"Casi listo","En progreso"))) | J51: README de landing y API; falta guía de despliegue final.
C53: AVANCE TOTAL DEL PROYECTO (ponderado por «Peso») | G53: =SUMPRODUCT(F5:F51,G5:G51)/SUM(F5:F51) | H53: =REPT("█",ROUND(MAX(0,MIN(1,G53))*20,0))&REPT("░",20-ROUND(MAX(0,MIN(1,G53))*20,0))

Sheet Materiales LUTSA
A1: Materiales que LUTSA entrega al proveedor
A2: Dependencias: mientras estén pendientes, bloquean actividades del backlog
A4: Material | B4: Para qué se necesita | C4: Estado | D4: Notas
A5: Acceso a hosting y dominio (lutsa.mx) | B5: Publicar el sitio y el API | C5: Pendiente
A6: Textos e información de servicios en español | B6: Validar Servicios, Inicio y Nosotros | C6: Parcial | D6: Se usaron los textos de los bocetos.
A7: Fotos de camiones y operaciones | B7: Secciones con fotografía | C7: Recibido | D7: Incluidas en los bocetos.
A8: Flyers o banners con identidad de marca | B8: Material gráfico adicional | C8: Por confirmar
A9: Logos de marcas secundarias (archivo independiente) | B9: Sección Submarcas / Brands | C9: Pendiente
A10: Lineamientos de marca / branding | B10: Consistencia visual | C10: Por confirmar
A11: Número de WhatsApp oficial y mensajes en ambos idiomas | B11: Botón flotante de WhatsApp | C11: Pendiente
A12: Fotos y material para la Galería | B12: Sección Galería (50 km) | C12: Pendiente | D12: Reemplaza a Responsabilidad Social / ESR.
A13: Certificaciones (logos / documentos) | B13: Sección Certificaciones | C13: Recibido | D13: Logos ISO 9001, ESR y Hecho en México y foto de responsabilidad social. Falta confirmar textos oficiales.
A14: Cuenta de correo para envío (SMTP) y destinatarios | B14: Envío de cotizaciones por correo | C14: Pendiente | D14: Hoy llegan a rrrosario16@gmail.com para pruebas.
A15: Claves de Google reCAPTCHA para lutsa.mx | B15: Protección anti-spam en producción | C15: Pendiente

Sheet Cómo usar
A1: Cómo actualizar este backlog
A2: Todo se recalcula solo
A4: 1. En «Product Backlog» cambia la columna «Avance %» (de 0 % a 100 %). Las barras, el estado y el resumen se actualizan solos.
A5: 2. Colores: azul = frío (falta mucho) · naranja = caliente (ya casi está). El estado cambia a Pendiente / En progreso / Casi listo / Completado.
A6: 3. «Peso» permite dar más importancia a una actividad en el promedio (por defecto todas pesan 1).
A7: 4. Para agregar actividades, inserta filas DENTRO de la tabla (antes de la última) para que entren en los cálculos, y copia las fórmulas de «Progreso» y «Estado».
A8: 5. En «Materiales LUTSA» elige el estado de cada material desde la lista.
A9: 6. La hoja «Resumen» tiene la gráfica por área lista para presentar (naranja = hecho, azul = falta).
